Proverbs,A Bad Beginning Makes A Bad Ending
Proverbs,A Bad Corn Promise Is Better Than A Good Lawsuit
Proverbs,A Bad Workman Quarrels With His Tools
Proverbs,A Bargain Is A Bargain
Proverbs,A Beggar Can Never Be Bankrupt
Proverbs,A Bird In The Hand Is Worth Two In The Bush
Proverbs,A Bird May Be Known By Its Song
Proverbs,A Black Hen Lays A White Egg
Proverbs,A Blind Leader Of The Blind
Proverbs,A Blind Man Would Be Glad To See
Proverbs,"A Broken Friendship May Be Soldered, But Will Never Be Sound"
Proverbs,A Burden Of One's Own Choice Is Not Felt
Proverbs,A Burnt Child Dreads The Fire
Proverbs,A Cat In Gloves Catches No Mice
Proverbs,A City That Parleys Is Half Gotten
Proverbs,A Civil Denial Is Better Than A Rude Grant
Proverbs,A Clean Fast Is Better Than A Dirty Breakfast
Proverbs,A Clean Hand Wants No Washing
Proverbs,A Clear Conscience Laughs At False Accusations
Proverbs,A Close Mouth Catches No Flies
Proverbs,A Cock Is Valiant On His Own Dunghill
Proverbs,A Cracked Bell Can Never Sound Well
Proverbs,A Creaking Door Hangs Long On Its Hinges
Proverbs,A Curst Cow Has Short Horns
Proverbs,A Danger Foreseen Is Half Avoided
Proverbs,A Drop In The Bucket
Proverbs,A Drowning Man Will Catch At A Straw
Proverbs,A Fair Face May Hide A Foul Heart
Proverbs,A Fault Confessed Is Half Redressed
Proverbs,A Fly In The Ointment
Proverbs,A Fool Always Rushes To The Fore
Proverbs,A Fool And His Money Are Soon Parted
Proverbs,A Fool At Forty Is A Fool Indeed
Proverbs,A Fool May Ask More Questions In An Hour Than A Wise Man Can Answer In Seven Years
Proverbs,A Fool May Throw A Stone Into A Well Which A Hundred Wise Men Cannot Pull Out
Proverbs,A Fool's Tongue Runs Before His Wit
Proverbs,A Forced Kindness Deserves No Thanks
Proverbs,A Foul Morn May Turn To A Fair Day
Proverbs,A Fox Is Not Taken Twice In The Same Snare
Proverbs,A Friend In Need Is A Friend Indeed
Proverbs,A Friend Is Never Known Till Needed
Proverbs,A Friend To All Is A Friend To None
Proverbs,A Friend's Frown Is Better Than A Foe's Smile
Proverbs,A Good Anvil Does Not Fear The Hammer
Proverbs,A Good Beginning Is Half The Battle
Proverbs,A Good Beginning Makes A Good Ending
Proverbs,A Good Deed Is Never Lost
Proverbs,A Good Dog Deserves A Good Bone
Proverbs,A Good Example Is The Best Sermon
Proverbs,A Good Face Is A Letter Of Recommendation
Proverbs,A Good Jack Makes A Good Jill
Proverbs,A Good Marksman May Miss
Proverbs,A Good Name Is Better Than Riches
Proverbs,A Good Name Is Sooner Lost Than Won
Proverbs,A Good Name Keeps Its Lustre In The Dark
Proverbs,A Good Wife Makes A Good Husband
Proverbs,A Great Dowry Is A Bed Full Of Brambles
Proverbs,A Great Fortune Is A Great Slavery
Proverbs,A Great Ship Asks Deep Waters
Proverbs,A Guilty Conscience Needs No Accuser
Proverbs,A Hard Nut To Crack
Proverbs,A Heavy Purse Makes A Light Heart
Proverbs,A Hedge Between Keeps Friendship Green
Proverbs,"A Honey Tongue, A Heart Of Gall"
Proverbs,A Hungry Belly Has No Ears
Proverbs,A Hungry Man Is An Angry Man
Proverbs,A Jack Of All Trades Is Master Of None
Proverbs,A Joke Never Gains An Enemy But Often Loses A Friend
Proverbs,A Lawyer Never Goes To Law Himself
Proverbs,A Lazy Sheep Thinks Its Wool Heavy
Proverbs,A Liar Is Not Believed When He Speaks The Truth
Proverbs,A Lie Begets A Lie
Proverbs,A Light Purse Is A Heavy Curse
Proverbs,A Little Body Often Harbours A Great Soul
Proverbs,A Little Fire Is Quickly Trodden Out
Proverbs,A Man Can Die But Once
Proverbs,A Man Can Do No More Than He Can
Proverbs,A Man Is Known By The Company He Keeps
Proverbs,A Man Of Words And Not Of Deeds Is Like A Garden Full Of Weeds
Proverbs,A Miserly Father Makes A Prodigal Son
Proverbs,A Miss Is As Good As A Mile
Proverbs,A New Broom Sweeps Clean
Proverbs,A Nod From A Lord Is A Breakfast For A Fool
Proverbs,A Penny Saved Is A Penny Gained
Proverbs,A Penny Soul Never Came To Twopence
Proverbs,A Quiet Conscience Sleeps In Thunder
Proverbs,A Rolling Stone Gathers No Moss
Proverbs,A Round Peg In A Square Hole
Proverbs,A Shy Cat Makes A Proud Mouse
Proverbs,A Silent Fool Is Counted Wise
Proverbs,A Small Leak Will Sink A Great Ship
Proverbs,A Soft Answer Turns Away Wrath
Proverbs,A Sound Mind In A Sound Body
Proverbs,A Stitch In Time Saves Nine
Proverbs,A Storm In A Teacup
Proverbs,A Tattler Is Worse Than A Thief
Proverbs,A Thief Knows A Thief As A Wolf Knows A Wolf
Proverbs,A Thief Passes For A Gentleman When Stealing Has Made Him Rich
Proverbs,A Threatened Blow Is Seldom Given
Proverbs,A Tree Is Known By Its Fruit
Proverbs,A Wager Is A Fool's Argument
Proverbs,A Watched Pot Never Boils
Proverbs,"A Wise Man Changes His Mind, A Fool Never Will"
Proverbs,A Wolf In Sheep's Clothing
Proverbs,A Wonder Lasts But Nine Days
Proverbs,A Word Is Enough To The Wise
Proverbs,A Word Spoken Is Past Recalling
Proverbs,Actions Speak Louder Than Words
Proverbs,Adversity Is A Great Schoolmaster
Proverbs,Adversity Makes Strange Bedfellows
Proverbs,After A Storm Comes A Calm
Proverbs,After Dinner Comes The Reckoning
Proverbs,"After Dinner Sit (Sleep) A While, After Supper Walk A Mile"
Proverbs,After Rain Comes Fair Weather
Proverbs,After Us The Deluge
Proverbs,"Agues Come On Horseback, But Go Away On Foot"
Proverbs,"All Are Good Lasses, But Whence Come The Bad Wives? "
Proverbs,All Are Not Friends That Speak Us Fair
Proverbs,All Are Not Hunters That Blow The Horn
Proverbs,All Are Not Merry That Dance Lightly
Proverbs,All Are Not Saints That Go To Church
Proverbs,All Asses Wag Their Ears
Proverbs,All Bread Is Not Baked In One Oven
Proverbs,All Cats Are Grey In The Dark (In The Night)
Proverbs,"All Covet, All Lose"
Proverbs,All Doors Open To Courtesy
Proverbs,All Is Fish That Comes To His Net
Proverbs,All Is Not Lost That Is In Peril
Proverbs,All Is Well That Ends Well
Proverbs,All Lay Load On The Willing Horse
Proverbs,All Men Can't Be First
Proverbs,All Men Can't Be Masters
Proverbs,All Promises Are Either Broken Or Kept
Proverbs,All Roads Lead To Rome 
Proverbs,All Sugar And Honey
Proverbs,All That Glitters Is Not Gold
Proverbs,All Things Are Difficult Before They Are Easy
Proverbs,All Truths Are Not To Be Told
Proverbs,All Work And No Play Makes Jack A Dull Boy
Proverbs,"Almost"" Never Killed A Fly (Was Never Hanged)"""
Proverbs,Among The Blind The One-Eyed Man Is King
Proverbs,An Apple A Day Keeps The Doctor Away
Proverbs,An Ass In A Lion's Skin
Proverbs,"An Ass Is But An Ass, Though Laden With Gold"
Proverbs,An Ass Loaded With Gold Climbs To The Top Of The Castle
Proverbs,An Empty Hand Is No Lure For A Hawk
Proverbs,An Empty Sack Cannot Stand Upright
Proverbs,An Empty Vessel Gives A Greater Sound Than A Full Barrel
Proverbs,An Evil Chance Seldom Comes Alone
Proverbs,"An Honest Tale Speeds Best, Being Plainly Told"
Proverbs,An Hour In The Morning Is Worth Two In The Evening
Proverbs,An Idle Brain Is The Devil's Workshop
Proverbs,"An Ill Wound Is Cured, Not An Ill Name"
Proverbs,An Oak Is Not Felled At One Stroke
Proverbs,An Old Dog Barks Not In Vain
Proverbs,An Open Door May Tempt A Saint
Proverbs,An Ounce Of Discretion Is Worth A Pound Of Learning
Proverbs,"An Ox Is Taken By The Horns, And A Man By The Tongue"
Proverbs,An Unfortunate Man Would Be Drowned In A Teacup
Proverbs,Anger And Haste Hinder Good Counsel
Proverbs,Any Port In A Storm
Proverbs,Appearances Are Deceitful
Proverbs,Appetite Comes With Eating
Proverbs,As Drunk As A Lord
Proverbs,As Innocent As A Babe Unborn
Proverbs,As Like As An Apple To An Oyster
Proverbs,As Like As Two Peas
Proverbs,As Old As The Hills
Proverbs,As Plain As The Nose On A Man's Face
Proverbs,As Plain As Two And Two Make Four
Proverbs,As Snug As A Bug In A Rug 
Proverbs,As Sure As Eggs Is Eggs
Proverbs,"As The Call, So The Echo"
Proverbs,"As The Fool Thinks, So The Bell Clinks"
Proverbs,"As The Old Cock Crows, So Does The Young"
Proverbs,"As The Tree Falls, So Shall It Lie"
Proverbs,"As The Tree, So The Fruit"
Proverbs,As Welcome As Flowers In May
Proverbs,As Welcome As Water In One's Shoes
Proverbs,As Well Be Hanged For A Sheep As For A Lamb
Proverbs,"As You Brew, So Must You Drink"
Proverbs,"As You Make Your Bed, So Must You Lie On It"
Proverbs,"As You Sow, So Shall You Reap"
Proverbs,Ask No Questions And You Will Be Told No Lies
Proverbs,At The Ends Of The Earth
Proverbs,Bacchus Has Drowned More Men Than Neptune 
Proverbs,Bad News Has Wings
Proverbs,Barking Does Seldom Bite
Proverbs,Be Slow To Promise And Quick To Perform
Proverbs,"Be Swift To Hear, Slow To Speak"
Proverbs,Beauty Is But Skin-Deep
Proverbs,Beauty Lies In Lover's Eyes
Proverbs,Before One Can Say Jack Robinson
Proverbs,Before You Make A Friend Eat A Bushel Of Salt With Him
Proverbs,Beggars Cannot Be Choosers
Proverbs,Believe Not All That You See Nor Half What You Hear
Proverbs,Best Defence Is Offence
Proverbs,Better A Glorious Death Than A Shameful Life
Proverbs,Better A Lean Peace Than A Fat Victory
Proverbs,"Better A Little Fire To Warm Us, Than A Great One To Burn Us"
Proverbs,Better An Egg Today Than A Hen Tomorrow
Proverbs,Better An Open Enemy Than A False Friend
Proverbs,Better Be Alone Than In Bad Company
Proverbs,Better Be Born Lucky Than Rich
Proverbs,Better Be Envied Than Pitied
Proverbs,Better Be The Head Of A Dog Than The Tail Of A Lion
Proverbs,Better Deny At Once Than Promise Long
Proverbs,Better Die Standing Than Live Kneeling
Proverbs,Better Early Than Late
Proverbs,Better Give A Shilling Than Lend A Half-Crown
Proverbs,Better Go To Bed Supperless Than Rise In Debt
Proverbs,Better Late Than Never
Proverbs,Better Lose A Jest Than A Friend
Proverbs,Better One-Eyed Than Stone-Blind
Proverbs,Better The Devil You Know Than The Devil You Don't
Proverbs,Better The Foot Slip Than The Tongue
Proverbs,Better To Do Well Than To Say Well
Proverbs,"Better To Reign In Hell, Than Serve In Heaven"
Proverbs,Better Unborn Than Untaught
Proverbs,Better Untaught Than Ill-Taught
Proverbs,Between The Cup And The Lip A Morsel May Slip
Proverbs,Between The Devil And The Deep (Blue) Sea
Proverbs,Between Two Evils 'Tis Not Worth Choosing
Proverbs,Between Two Stools One Goes (Falls) To The Ground
Proverbs,Between The Upper And Nether Millstone
Proverbs,Betwixt And Between
Proverbs,Beware Of A Silent Dog And Still Water
Proverbs,Bind The Sack Before It Be Full
Proverbs,Birds Of A Feather Flock Together
Proverbs,Blind Men Can Judge No Colours
Proverbs,Blood Is Thicker Than Water
Proverbs,Borrowed Garments Never Fit Well
Proverbs,Brevity Is The Soul Of Wit
Proverbs,Burn Not Your House To Rid It Of The Mouse
Proverbs,Business Before Pleasure
Proverbs,By Doing Nothing We Learn To Do Ill
Proverbs,By Hook Or By Crook
Proverbs,By The Street Of 'By-And-Bye' One Arrives At The House Of 'Never'
Proverbs,Calamity Is Man's True Touchstone
Proverbs,Care Killed The Cat
Proverbs,Catch The Bear Before You Sell His Skin
Proverbs,Caution Is The Parent Of Safety
Proverbs,Charity Begins At Home
Proverbs,Cheapest Is The Dearest
Proverbs,Cheek Brings Success
Proverbs,Children And Fools Must Not Play With Edged Tools
Proverbs,Children Are Poor Men's Riches
Proverbs,Choose An Author As You Choose A Friend
Proverbs,"Christmas Comes But Once A Year, (But When It Comes It Brings Good Cheer)"
Proverbs,Circumstances Alter Cases
Proverbs,"Claw Me, And I Will Claw Thee"
Proverbs,Cleanliness Is Next To Godliness
Proverbs,Company In Distress Makes Trouble Less
Proverbs,Confession Is The First Step To Repentance
Proverbs,Counsel Is No Command
Proverbs,Creditors Have Better Memories Than Debtors
Proverbs,Cross The Stream Where It Is Shallowest
Proverbs,Crows Do Not Pick Crow's Eyes
Proverbs,Curiosity Killed A Cat
Proverbs,Curses Like Chickens Come Home To Roost
Proverbs,Custom Is A Second Nature
Proverbs,Custom Is The Plague Of Wise Men And The Idol Of Fools
Proverbs,Cut Your Coat According To Your Cloth
Proverbs,Death Is The Grand Leveller
Proverbs,Death Pays All Debts
Proverbs,Death When It Comes Will Have No Denial
Proverbs,Debt Is The Worst Poverty
Proverbs,"Deeds, Not Words"
Proverbs,Delays Are Dangerous
Proverbs,Desperate Diseases Must Have Desperate Remedies
Proverbs,Diligence Is The Mother Of Success (Good Luck)
Proverbs,Diseases Are The Interests Of Pleasures
Proverbs,Divide And Rule
Proverbs,Do As You Would Be Done By
Proverbs,Dog Does Not Eat Dog
Proverbs,Dog Eats Dog
Proverbs,Dogs That Put Up Many Hares Kill None
Proverbs,Doing Is Better Than Saying
Proverbs,Don't Count Your Chickens Before They Are Hatched
Proverbs,Don't Cross The Bridges Before You Come To Them
Proverbs,Don't Have Thy Cloak To Make When It Begins To Rain
Proverbs,Don't Keep A Dog And Bark Yourself
Proverbs,Don't Look A Gift Horse In The Mouth
Proverbs,Don't Put All Your Eggs In One Basket
Proverbs,Don't Sell The Bear's Skin Before You've Caught It
Proverbs,Don't Trouble Trouble Until Trouble Troubles You
Proverbs,Don't Whistle (Halloo) Until You Are Out Of The Wood
Proverbs,Dot Your I's And Cross Your T's
Proverbs,Draw Not Your Bow Till Your Arrow Is Fixed
Proverbs,Drive The Nail That Will Go
Proverbs,Drunken Days Have All Their Tomorrow
Proverbs,Drunkenness Reveals What Soberness Conceals
Proverbs,Dumb Dogs Are Dangerous
Proverbs,Each Bird Loves To Hear Himself Sing
Proverbs,"Early To Bed And Early To Rise Makes A Man Healthy, Wealthy And Wise"
Proverbs,Easier Said Than Done
Proverbs,East Or West ? Home Is Best
Proverbs,"Easy Come, Easy Go"
Proverbs,"Eat At Pleasure, Drink With Measure"
Proverbs,Empty Vessels Make The Greatest (The Most) Sound
Proverbs,Enough Is As Good As A Feast
Proverbs,Envy Shoots At Others And Wounds Herself
Proverbs,Even Reckoning Makes Long Friends
Proverbs,Every Ass Loves To Hear Himself Bray
Proverbs,Every Barber Knows That
Proverbs,Every Bean Has Its Black
Proverbs,Every Bird Likes Its Own Nest
Proverbs,Every Bullet Has Its Billet
Proverbs,Every Country Has Its Customs
Proverbs,Every Dark Cloud Has A Silver Lining
Proverbs,Every Day Is Not Sunday
Proverbs,Every Dog Has His Day
Proverbs,Every Dog Is A Lion At Home
Proverbs,Every Dog Is Valiant At His Own Door
Proverbs,Every Jack Has His Jill
Proverbs,Every Man Has A Fool In His Sleeve
Proverbs,Every Man Has His Faults
Proverbs,Every Man Has His Hobby-Horse
Proverbs,Every Man Is The Architect Of His Own Fortunes
Proverbs,Every Man To His Taste
Proverbs,Every Miller Draws Water To His Own Mill
Proverbs,Every Mother Thinks Her Own Gosling A Swan
Proverbs,Every One's Faults Are Not Written In Their Foreheads
Proverbs,Every Tub Must Stand On Its Own Bottom
Proverbs,"Every White Has Its Black, And Every Sweet Its Sour"
Proverbs,Every Why Has A Wherefore
Proverbs,Everybody's Business Is Nobody's Business
Proverbs,Everything Comes To Him Who Waits
Proverbs,Everything Is Good In Its Season
Proverbs,Evil Communications Corrupt Good Manners
Proverbs,Experience Is The Mother Of Wisdom
Proverbs,"Experience Keeps A Dear School, But Fools Learn In No Other"
Proverbs,"Experience Keeps No School, She Teaches Her Pupils Singly"
Proverbs,Extremes Meet
Proverbs,Facts Are Stubborn Things
Proverbs,Faint Heart Never Won Fair Lady
Proverbs,"Fair Without, Foul (False) Within"
Proverbs,Fair Words Break No Bones
Proverbs,False Friends Are Worse Than Open Enemies
Proverbs,Familiarity Breeds Contempt
Proverbs,"Far From Eye, Far From Heart"
Proverbs,Fasting Comes After Feasting
Proverbs,Faults Are Thick Where Love Is Thin
Proverbs,Feast Today And Fast Tomorrow
Proverbs,Fine Feathers Make Fine Birds
Proverbs,Fine Words Butter No Parsnips
Proverbs,First Catch Your Hare
Proverbs,"First Come, First Served"
Proverbs,First Deserve And Then Desire
Proverbs,"First Think, Then Speak"
Proverbs,Fish And Company Stink In Three Days
Proverbs,Fish Begins To Stink At The Head
Proverbs,Follow The River And You'll Get To The Sea
Proverbs,Fool's Haste Is No Speed
Proverbs,Fools And Madmen Speak The Truth
Proverbs,Fools Grow Without Watering
Proverbs,Fools May Sometimes Speak To The Purpose
Proverbs,Fools Never Know When They Are Well
Proverbs,Fools Rush In Where Angels Fear To Tread
Proverbs,For The Love Of The Game
Proverbs,Forbearance Is No Acquittance
Proverbs,Forbidden Fruit Is Sweet
Proverbs,Forewarned Is Forearmed
Proverbs,Fortune Favours The Brave (The Bold)
Proverbs,"Fortune Is Easily Found, But Hard To Be Kept"
Proverbs,Four Eyes See More (Better) Than Two
Proverbs,Friends Are Thieves Of Time
Proverbs,From Bad To Worse
Proverbs,From Pillar To Post
Proverbs,Gentility Without Ability Is Worse Than Plain Beggary
Proverbs,"Get A Name To Rise Early, And You May Lie All Day"
Proverbs,Gifts From Enemies Are Dangerous
Proverbs,"Give A Fool Rope Enough, And He Will Hang Himself"
Proverbs,"Give Every Man Thy Ear, But Few Thy Voice"
Proverbs,Give Him An Inch And He'll Take An Ell
Proverbs,Give Never The Wolf The Wether To Keep
Proverbs,Gluttony Kills More Men Than The Sword
Proverbs,Go To Bed With The Lamb And Rise With The Lark
Proverbs,Good Clothes Open All Doors
Proverbs,Good Counsel Does No Harm
Proverbs,Good Health Is Above Wealth
Proverbs,Good Masters Make Good Servants
Proverbs,Good Words And No Deeds
Proverbs,Good Words Without Deeds Are Rushes And Reeds
Proverbs,Gossiping And Lying Go Hand In Hand
Proverbs,"Grasp All, Lose All"
Proverbs,Great Barkers Are No Biters
Proverbs,"Great Boast, Small Roast"
Proverbs,Great Cry And Little Wool
Proverbs,Great Spenders Are Bad Lenders
Proverbs,Great Talkers Are Great Liars
Proverbs,Great Talkers Are Little Doers
Proverbs,Greedy Folk Have Long Arms
Proverbs,Habit Cures Habit
Proverbs,Half A Loaf Is Better Than No Bread
Proverbs,"Hamlet"" Without The Prince Of Denmark """
Proverbs,Handsome Is That Handsome Does
Proverbs,Happiness Takes No Account Of Time
Proverbs,Happy Is He That Is Happy In His Children
Proverbs,Hard Words Break No Bones
Proverbs,Hares May Pull Dead Lions By The Beard
Proverbs,"Harm Watch, Harm Catch"
Proverbs,Haste Makes Waste
Proverbs,Hasty Climbers Have Sudden Falls
Proverbs,Hate Not At The First Harm
Proverbs,"Hatred Is Blind, As Well As Love"
Proverbs,Hawks Will Not Pick Hawks' Eyes
Proverbs,He Begins To Die That Quits His Desires
Proverbs,He Cannot Speak Well That Cannot Hold His Tongue
Proverbs,He Carries Fire In One Hand And Water In The Other
Proverbs,He Dances Well To Whom Fortune Pipes
Proverbs,He Gives Twice Who Gives In A Trice
Proverbs,He Goes Long Barefoot That Waits For Dead Man's Shoes
Proverbs,He Is A Fool That Forgets Himself
Proverbs,He Is A Good Friend That Speaks Well Of Us Behind Our Backs
Proverbs,He Is Happy That Thinks Himself So
Proverbs,He Is Lifeless That Is Faultless
Proverbs,He Is Not Fit To Command Others That Cannot Command Himself
Proverbs,He Is Not Laughed At That Laughs At Himself First
Proverbs,"He Is Not Poor That Has Little, But He That Desires Much"
Proverbs,He Jests At Scars That Never Felt A Wound
Proverbs,He Knows Best What Good Is That Has Endured Evil
Proverbs,He Knows How Many Beans Make Five
Proverbs,He Knows Much Who Knows How To Hold His Tongue
Proverbs,He Laughs Best Who Laughs Last
Proverbs,He Lives Long That Lives Well
Proverbs,He Must Needs Swim That Is Held Up By The Chin
Proverbs,He Should Have A Long Spoon That Sups With The Devil
Proverbs,He Smells Best That Smells Of Nothing
Proverbs,He That Comes First To The Hill May Sit Where He Will
Proverbs,He That Commits A Fault Thinks Everyone Speaks Of It
Proverbs,He That Does You An I!I Turn Will Never Forgive You
Proverbs,He That Fears Every Bush Must Never Go A-Birding
Proverbs,He That Fears You Present Wiil Hate You Absent
Proverbs,"He That Goes A Borrowing, Goes A Sorrowing"
Proverbs,He That Goes Barefoot Must Not Plant Thorns
Proverbs,He That Has A Full Purse Never Wanted A Friend
Proverbs,He That Has A Great Nose Thinks Everybody Is Speaking Of It
Proverbs,He That Has An Ill Name Is Half Hanged
Proverbs,He That Has No Children Knows Not What Love Is
Proverbs,He That Has He Head Needs No Hat
Proverbs,He That Has No Money Needs No Purse
Proverbs,He That Is Born To Be Hanged Shall Never Be Drowned
Proverbs,He That Is Full Of Himself Is Very Empty
Proverbs,He That Is Ill To Himself Will Be Good To Nobody
Proverbs,He That Is Warm Thinks All So
Proverbs,He That Knows Nothing Doubts Nothing
Proverbs,He That Lies Down With Dogs Must Rise Up With Fleas
Proverbs,He That Lives With Cripples Learns To Limp
Proverbs,"He That Mischief Hatches, Mischief Catches"
Proverbs,He That Never Climbed Never Fell
Proverbs,He That Once Deceives Is Ever Suspected
Proverbs,He That Promises Too Much Means Nothing
Proverbs,He That Respects Not Is Not Respected
Proverbs,He That Seeks Trouble Never Misses
Proverbs,He That Serves Everybody Is Paid By Nobody
Proverbs,He That Serves God For Money Will Serve The Devil For Better Wages
Proverbs,He That Spares The Bad Injures The Good
Proverbs,He That Talks Much Errs Much
Proverbs,He That Talks Much Lies Much
Proverbs,He That Will Eat The Kernel Must Crack The Nut
Proverbs,"He That Will Not When He May, When He Will He Shall Have Nay"
Proverbs,He That Will Steal An Egg Will Steal An Ox
Proverbs,"He That Will Thrive, Must Rise At Five"
Proverbs,He That Would Eat The Fruit Must Climb The Tree
Proverbs,He That Would Have Eggs Must Endure The Cackling Of Hens
Proverbs,He Who Is Born A Fool Is Never Cured
Proverbs,He Who Hesitates Is Lost
Proverbs,He Who Likes Borrowing Dislikes Paying
Proverbs,"He Who Makes No Mistakes, Makes Nothing"
Proverbs,He Who Pleased Everybody Died Before He Was Born
Proverbs,"He Who Says What He Likes, Shall Hear What He Doesn't Like"
Proverbs,He Who Would Catch Fish Must Not Mind Getting Wet
Proverbs,He Who Would Eat The Nut Must First Crack The Shell
Proverbs,He Who Would Search For Pearls Must Dive Below
Proverbs,He Will Never Set The Thames On Fire
Proverbs,He Works Best Who Knows His Trade
Proverbs,Head Cook And Bottle-Washer
Proverbs,Health Is Not Valued Till Sickness Comes
Proverbs,His Money Burns A Hole In His Pocket
Proverbs,Honesty Is The Best Policy
Proverbs,Honey Is Not For The Ass's Mouth
Proverbs,"Honey Is Sweet, But The Bee Stings"
Proverbs,Honour And Profit Lie Not In One Sack
Proverbs,Honours Change Manners
Proverbs,"Hope Is A Good Breakfast, But A Bad Supper"
Proverbs,Hope Is The Poor Man's Bread
Proverbs,Hunger Breaks Stone Walls
Proverbs,Hunger Finds No Fault With Cookery
Proverbs,Hunger Is The Best Sauce
Proverbs,Hungry Bellies Have No Ears
Proverbs,Idle Folks Lack No Excuses
Proverbs,Idleness Is The Mother Of All Evil
Proverbs,Idleness Rusts The Mind
Proverbs,"If An Ass (Donkey) Bray At You, Don't Bray At Him"
Proverbs,If Ifs And Ans Were Pots And Pans..
Proverbs,"If My Aunt Had Been A Man, She'd Have Been My Uncle"
Proverbs,"If The Blind Lead The Blind, Both Shall Fall Into The Ditch"
Proverbs,"If The Sky Falls, We Shall Catch Larks"
Proverbs,"If There Were No Clouds, We Should Not Enjoy The Sun"
Proverbs,If Things Were To Be Done Twice All Would Be Wise
Proverbs,"If We Can't As We Would, We Must Do As We Can"
Proverbs,"If Wishes Were Horses, Beggars Might Ride"
Proverbs,"If You Agree To Carry The Calf, They'll Make You Carry The Cow"
Proverbs,"If You Cannot Bite, Never Show Your Teeth"
Proverbs,"If You Cannot Have The Best, Make The Best Of What You Have"
Proverbs,If You Dance You Must Pay The Fiddler
Proverbs,If You Laugh Before Breakfast You'll Cry Before Supper
Proverbs,"If You Run After Two Hares, You Will Catch Neither"
Proverbs,"If You Sell The Cow, You Sell Her Milk Too"
Proverbs,"If You Throw Mud Enough, Some Of It Will Stick"
Proverbs,If You Try To Please All You Will Please None
Proverbs,"If You Want A Thing Well Done, Do It Yourself"
Proverbs,Ill-Gotten Gains Never Prosper
Proverbs,"Ill-Gotten, Ill-Spent"
Proverbs,In Every Beginning Think Of The End
Proverbs,"In For A Penny, In For A Pound"
Proverbs,In The Country Of The Blind One-Eyed Man Is A King
Proverbs,In The End Things Will Mend
Proverbs,In The Evening One May Praise The Day
Proverbs,Iron Hand (Fist) In A Velvet Glove
Proverbs,It Is A Good Horse That Never Stumbles
Proverbs,It Is A Long Lane That Has No Turning
Proverbs,It Is A Poor Mouse That Has Only One Hole
Proverbs,It Is An Ill Bird That Fouls Its Own Nest
Proverbs,It Is An Ill Wind That Blows Nobody Good
Proverbs,"It Is A Silly Fish, That Is Caught Twice With The Same Bait"
Proverbs,It Is Easy To Swim If Another Hoids Up Your Chin (Head)
Proverbs,It Is Enough To Make A Cat Laugh
Proverbs,It Is Good Fishing In Troubled Waters
Proverbs,It Is Never Too Late To Learn
Proverbs,It Is No Use Crying Over Spilt Milk
Proverbs,It Is The First Step That Costs
Proverbs,It Never Rains But It Pours
Proverbs,It's As Broad As It's Long
Proverbs,It's No Use Pumping A Dry Well
Proverbs,It's One Thing To Flourish And Another To Fight
Proverbs,It Takes All Sorts To Make A World
Proverbs,Jackdaw In Peacock's Feathers
Proverbs,Jest With An Ass And He Will Flap You In The Face With His Tail
Proverbs,Judge Not Of Men And Things At First Sight
Proverbs,"Just As The Twig Is Bent, The Tree Is Inclined"
Proverbs,Keep A Thing Seven Years And You Will Find A Use For It
Proverbs,Keep Your Mouth Shut And Your Ears Open
Proverbs,Keep Your Mouth Shut And Your Eyes Open
Proverbs,"Last, But Not Least"
Proverbs,"Laws Catch Flies, But Let Hornets Go Free"
Proverbs,Learn To Creep Before You Leap
Proverbs,Learn To Say Before You Sing
Proverbs,Learn Wisdom By The Follies Of Others
Proverbs,"Least Said, Soonest Mended"
Proverbs,Leaves Without Figs
Proverbs,Let Bygones Be Bygones
Proverbs,Let Every Man Praise The Bridge He Goes Over
Proverbs,Let Sleeping Dogs Lie
Proverbs,Let Well (Enough) Alone
Proverbs,Liars Need Good Memories
Proverbs,Lies Have Short Legs
Proverbs,Life Is But A Span
Proverbs,Life Is Not A Bed Of Roses
Proverbs,Life Is Not All Cakes And Ale (Beer And Skittles)
Proverbs,Like A Cat On Hot Bricks
Proverbs,Like A Needle In A Haystack
Proverbs,Like Begets Like
Proverbs,Like Cures Like
Proverbs,"Like Father, Like Son"
Proverbs,Like Draws To Like
Proverbs,"Like Master, Like Man"
Proverbs,"Like Mother, Like Daughter"
Proverbs,"Like Parents, Like Children"
Proverbs,"Like Priest, Like People"
Proverbs,"Like Teacher, Like Pupil"
Proverbs,Little Chips Light Great Fires
Proverbs,Little Knowledge Is A Dangerous Thing
Proverbs,Little Pigeons Can Carry Great Messages
Proverbs,Little Pitchers Have Long Ears
Proverbs,Little Strokes Fell Great Oaks
Proverbs,"Little Thieves Are Hanged, But Great Ones Escape"
Proverbs,Little Things Amuse Little Minds
Proverbs,Live And Learn
Proverbs,Live And Let Live
Proverbs,"Live Not To Eat, But Eat To Live"
Proverbs,"Long Absent, Soon Forgotten"
Proverbs,Look Before You Leap
Proverbs,"Look Before You Leap, But Having Leapt Never Look Back"
Proverbs,Lookers-On See More Than Players
Proverbs,"Lord (God, Heaven) Helps Those (Them) Who Help Themselves"
Proverbs,Lost Time Is Never Found Again
Proverbs,Love Cannot Be Forced
Proverbs,Love In A Cottage
Proverbs,"Love Me, Love My Dog"
Proverbs,Love Will Creep Where It May Not Go
Proverbs,Make Haste Slowly
Proverbs,Make Hay While The Sun Shines
Proverbs,Make Or Mar
Proverbs,Man Proposes But God Disposes
Proverbs,Many A Fine Dish Has Nothing On It
Proverbs,Many A Good Cow Has A Bad Calf
Proverbs,Many A Good Father Has But A Bad Son
Proverbs,Many A Little Makes A Mickle
Proverbs,Many A True Word Is Spoken In Jest
Proverbs,Many Hands Make Light Work
Proverbs,"Many Men, Many Minds"
Proverbs,Many Words Hurt More Than Swords
Proverbs,Many Words Will Not Fill A Bushel
Proverbs,Marriages Are Made In Heaven
Proverbs,Measure For Measure
Proverbs,Measure Thrice And Cut Once
Proverbs,Men May Meet But Mountains Never
Proverbs,Mend Or End (End Or Mend)
Proverbs,Might Goes Before Right
Proverbs,Misfortunes Never Come Alone (Singly)
Proverbs,Misfortunes Tell Us What Fortune Is
Proverbs,Money Begets Money
Proverbs,Money Has No Smell
Proverbs,Money Is A Good Servant But A Bad Master
Proverbs,Money Often Unmakes The Men Who Make It
Proverbs,Money Spent On The Brain Is Never Spent In Vain
Proverbs,"More Haste, Less Speed"
Proverbs,Much Ado About Nothing
Proverbs,Much Will Have More
Proverbs,Muck And Money Go Together
Proverbs,Murder Will Out
Proverbs,My House Is My Castle
Proverbs,Name Not A Rope In His House That Was Hanged
Proverbs,Necessity Is The Mother Of Invention
Proverbs,Necessity Knows No Law
Proverbs,Neck Or Nothing
Proverbs,Need Makes The Old Wife Trot
Proverbs,Needs Must When The Devil Drives
Proverbs,Neither Fish Nor Flesh
Proverbs,Neither Here Nor There
Proverbs,Neither Rhyme Nor Reason
Proverbs,Never Cackle Till Your Egg Is Laid
Proverbs,Never Cast Dirt Into That Fountain Of Which You Have Sometime Drunk
Proverbs,Never Do Things By Halves
Proverbs,Never Fry A Fish Till It's Caught
Proverbs,Never Offer To Teach Fish To Swim
Proverbs,Never Put Off Till Tomorrow What You Can Do Today
Proverbs,Never Quit Certainty For Hope
Proverbs,Never Too Much Of A Good Thing
Proverbs,Never Try To Prove What Nobody Doubts
Proverbs,Never Write What You Dare Not Sign
Proverbs,New Brooms Sweep Clean
Proverbs,"New Lords, New Laws"
Proverbs,Nightingales Will Not Sing In A Cage
Proverbs,No Flying From Fate
Proverbs,No Garden Without Its Weeds
Proverbs,No Great Loss Without Some Small Gain
Proverbs,No Herb Will Cure Love
Proverbs,No Joy Without Alloy
Proverbs,No Living Man All Things Can
Proverbs,"No Longer Pipe, No Longer Dance"
Proverbs,No Man Is Wise At All Times
Proverbs,"No Man Loves His Fetters, Be They Made Of Gold"
Proverbs,No News (Is) Good News
Proverbs,"No Pains, No Gains"
Proverbs,"No Song, No Supper"
Proverbs,No Sweet Without (Some) Sweat
Proverbs,No Wisdom Like Silence
Proverbs,None But The Brave Deserve The Fair
Proverbs,None So Blind As Those Who Won't See
Proverbs,None So Deaf As Those That Won't Hear
Proverbs,Nothing Comes Out Of The Sack But What Was In It
Proverbs,Nothing Is Impossible To A Willing Heart
Proverbs,Nothing Must Be Done Hastily But Killing Of Fleas
Proverbs,"Nothing So Bad, As Not To Be Good For Something"
Proverbs,Nothing Succeeds Like Success
Proverbs,"Nothing Venture, Nothing Have"
Proverbs,Oaks May Fall When Reeds Stand The Storm
Proverbs,Of Two Evils Choose The Least
Proverbs,Old Birds Are Not Caught With Chaff
Proverbs,Old Friends And Old Wine Are Best
Proverbs,On Shank's Mare
Proverbs,"Once Bitten, Twice Shy"
Proverbs,Once Is No Rule (Custom)
Proverbs,"One Beats The Bush, And Another Catches The Bird"
Proverbs,One Chick Keeps A Hen Busy
Proverbs,One Drop Of Poison Infects The Whole Tun Of Wine
Proverbs,One Fire Drives Out Another
Proverbs,One Good Turn Deserves Another
Proverbs,"One Law For The Rich, And Another For The Poor"
Proverbs,One Lie Makes Many
Proverbs,"One Link Broken, The Whole Chain Is Broken"
Proverbs,"One Man, No Man"
Proverbs,One Man's Meat Is Another Man's Poison
Proverbs,One Scabby Sheep Will Mar A Whole Flock
Proverbs,One Swallow Does Not Make A Summer
Proverbs,One Today Is Worth Two Tomorrow
Proverbs,Open Not Your Door When The Devil Knocks
Proverbs,Opinions Differ
Proverbs,Opportunity Makes The Thief
Proverbs,"Out Of Sight, Out Of Mind"
Proverbs,Out Of The Frying-Pan Into The Fire
Proverbs,Packed Like Herrings
Proverbs,Patience Is A Plaster For All Sores
Proverbs,Penny-Wise And Pound-Foolish
Proverbs,Pleasure Has A Sting In Its Tail
Proverbs,Plenty Is No Plague
Proverbs,"Politeness Costs Little (Nothing), But Yields Much"
Proverbs,Poverty Is No Sin
Proverbs,"Poverty Is Not A Shame, But The Being Ashamed Of It Is"
Proverbs,Practise What You Preach
Proverbs,Praise Is Not Pudding
Proverbs,Pride Goes Before A Fall
Proverbs,Procrastination Is The Thief Of Time
Proverbs,Promise Is Debt
Proverbs,"Promise Little, But Do Much"
Proverbs,"Prosperity Makes Friends, And Adversity Tries Them"
Proverbs,Put Not Your Hand Between The Bark And The Tree
Proverbs,"Rain At Seven, Fine At Eleven"
Proverbs,Rats Desert A Sinking Ship
Proverbs,"Repentance Is Good, But Innocence Is Better"
Proverbs,"Respect Yourself, Or No One Else Will Respect You"
Proverbs,Roll My Log And I Will Roll Yours
Proverbs,Rome Was Not Built In A Day
Proverbs,Salt Water And Absence Wash Away Love
Proverbs,Saying And Doing Are Two Things
Proverbs,Score Twice Before You Cut Once
Proverbs,Scornful Dogs Will Eat Dirty Puddings
Proverbs,Scratch My Back And I'll Scratch Yours
Proverbs,Self Done Is Soon Done
Proverbs,Self Done Is Well Done
Proverbs,Self Is A Bad Counsellor
Proverbs,Self-Praise Is No Recommendation
Proverbs,Set A Beggar On Horseback And He'll Ride To The Devil
Proverbs,Set A Thief To Catch A Thief
Proverbs,Shallow Streams Make Most Din
Proverbs,Short Debts (Accounts) Make Long Friends
Proverbs,Silence Gives Consent
Proverbs,Since Adam Was A Boy
Proverbs,Sink Or Swim! 
Proverbs,Six Of One And Half A Dozen Of The Other
Proverbs,Slow And Steady Wins The Race
Proverbs,Slow But Sure
Proverbs,Small Rain Lays Great Dust
Proverbs,"So Many Countries, So Many Customs"
Proverbs,Soft Fire Makes Sweet Malt
Proverbs,Something Is Rotten In The State Of Denmark 
Proverbs,"Soon Learnt, Soon Forgotten"
Proverbs,"Soon Ripe, Soon Rotten"
Proverbs,Speak (Talk) Of The Devil And He Will Appear (Is Sure To Appear)
Proverbs,Speech Is Silver But Silence Is Gold
Proverbs,Standers-By See More Than Gamesters
Proverbs,Still Waters Run Deep
Proverbs,Stolen Pleasures Are Sweetest
Proverbs,Stretch Your Arm No Further Than Your Sleeve Will Reach
Proverbs,Stretch Your Legs According To The Coverlet
Proverbs,Strike While The Iron Is Hot
Proverbs,Stuff Today And Starve Tomorrow
Proverbs,Success Is Never Blamed
Proverbs,"Such Carpenters, Such Chips"
Proverbs,Sweep Before Your Own Door
Proverbs,Take Care Of The Pence And The Pounds Will Take Care Of Themselves
Proverbs,Take Us As You Find Us
Proverbs,Tarred With The Same Brush
Proverbs,Tastes Differ
Proverbs,Tell That To The Marines
Proverbs,That Cock Won't Fight
Proverbs,That Which One Least Anticipates Soonest Comes To Pass
Proverbs,That's A Horse Of Another Colour
Proverbs,That's Where The Shoe Pinches! 
Proverbs,The Beggar May Sing Before The Thief (Before A Footpad)
Proverbs,The Best Fish Smell When They Are Three Days Old
Proverbs,The Best Fish Swim Near The Bottom
Proverbs,The Best Is Oftentimes The Enemy Of The Good
Proverbs,The Busiest Man Finds The Most Leisure
Proverbs,The Camel Going To Seek Horns Lost His Ears
Proverbs,The Cap Fits
Proverbs,The Cask Savours Of The First Fill
Proverbs,The Cat Shuts Its Eyes When Stealing Cream
Proverbs,The Cat Would Eat Fish And Would Not Wet Her Paws
Proverbs,The Chain Is No Stronger Than Its Weakest Link
Proverbs,The Cobbler Should Stick To His Last
Proverbs,The Cobbler's Wife Is The Worst Shod
Proverbs,The Darkest Hour Is That Before The Dawn
Proverbs,The Darkest Place Is Under The Candlestick
Proverbs,The Devil Is Not So Black As He Is Painted
Proverbs,The Devil Knows Many Things Because He Is Old
Proverbs,The Devil Lurks Behind The Cross
Proverbs,The Devil Rebuking Sin
Proverbs,"The Dogs Bark, But The Caravan Goes On"
Proverbs,The Dutch Have Taken Holland ! 
Proverbs,The Early Bird Catches The Worm
Proverbs,The End Crowns The Work
Proverbs,The End Justifies The Means
Proverbs,The Evils We Bring On Ourselves Are Hardest To Bear
Proverbs,The Exception Proves The Rule
Proverbs,The Face Is The Index Of The Mind
Proverbs,The Falling Out Of Lovers Is The Renewing Of Love
Proverbs,The Fat Is In The Fire
Proverbs,The First Blow Is Half The Battle
Proverbs,The Furthest Way About Is The Nearest Way Home
Proverbs,The Game Is Not Worth The Candle
Proverbs,The Heart That Once Truly Loves Never Forgets
Proverbs,"The Higher The Ape Goes, The More He Shows His Tail"
Proverbs,The Last Drop Makes The Cup Run Over
Proverbs,The Last Straw Breaks The Camel's Back
Proverbs,The Leopard Cannot Change Its Spots
Proverbs,The Longest Day Has An End
Proverbs,The Mill Cannot Grind With The Water That Is Past
Proverbs,The Moon Does Not Heed The Barking Of Dogs
Proverbs,The More The Merrier
Proverbs,The Morning Sun Never Lasts A Day
Proverbs,The Mountain Has Brought Forth A Mouse
Proverbs,"The Nearer The Bone, The Sweeter The Flesh"
Proverbs,The Pitcher Goes Often To The Well But Is Broken At Last
Proverbs,The Pot Calls The Kettle Black
Proverbs,The Proof Of The Pudding Is In The Eating
Proverbs,The Receiver Is As Bad As The Thief
Proverbs,The Remedy Is Worse Than The Disease
Proverbs,The Rotten Apple Injures Its Neighbours
Proverbs,The Scalded Dog Fears Cold Water
Proverbs,The Tailor Makes The Man
Proverbs,The Tongue Of Idle Persons Is Never Idle
Proverbs,The Voice Of One Man Is The Voice Of No One
Proverbs,The Road To Hell Is Paved With Good Intentions
Proverbs,The Wind Cannot Be Caught In A Net
Proverbs,The Work Shows The Workman
Proverbs,There Are Lees To Every Wine
Proverbs,There Are More Ways To The Wood Than One
Proverbs,"There Is A Place For Everything, And Everything In Its Place"
Proverbs,There Is More Than One Way To Kill A Cat
Proverbs,There Is No Fire Without Smoke
Proverbs,There Is No Place Like Home
Proverbs,There Is No Rose Without A Thorn
Proverbs,There Is No Rule Without An Exception
Proverbs,There's Many A Slip 'Tween (== Between) The Cup And The Lip
Proverbs,They Are Hand And Glove
Proverbs,They Must Hunger In Winter That Will Not Work In Summer
Proverbs,Things Past Cannot Be Recalled
Proverbs,Think Today And Speak Tomorrow
Proverbs,Those Who Live In Glass Houses Should Not Throw Stones
Proverbs,Time And Tide Wait For No Man
Proverbs,Time Cures All Things
Proverbs,Time Is Money
Proverbs,Time Is The Great Healer
Proverbs,Time Works Wonders
Proverbs,To Add Fuel (Oil) To The Fire (Flames)
Proverbs,To Angle With A Silver Hook
Proverbs,To Be Born With A Silver Spoon In One's Mouth
Proverbs,To Be Head Over Ears In Debt
Proverbs,To Be In One's Birthday Suit
Proverbs,To Be Up To The Ears In Love
Proverbs,To Be Wise Behind The Hand
Proverbs,To Beat About The Bush
Proverbs,To Beat The Air
Proverbs,To Bring Grist To Somebody's Mill
Proverbs,To Build A Fire Under Oneself
Proverbs,To Buy A Pig In A Poke
Proverbs,To Call A Spade A Spade
Proverbs,To Call Off The Dogs
Proverbs,To Carry Coals To Newcastle
Proverbs,To Cast Pearls Before Swine
Proverbs,To Cast Prudence To The Winds
Proverbs,To Come Away None The Wiser
Proverbs,To Come Off Cheap
Proverbs,To Come Off With A Whole Skin
Proverbs,To Come Off With Flying Colours
Proverbs,To Come Out Dry
Proverbs,To Come Out With Clean Hands
Proverbs,To Cook A Hare Before Catching Him
Proverbs,To Cry With One Eye And Laugh With The Other
Proverbs,To Cut One's Throat With A Feather
Proverbs,To Draw (Pull) In One's Horns
Proverbs,To Drop A Bucket Into An Empty Well
Proverbs,To Draw Water In A Sieve
Proverbs,To Eat The Calf In The Cow's Belly
Proverbs,To Err Is Human
Proverbs,To Fiddle While Rome Is Burning
Proverbs,To Fight With One's Own Shadow
Proverbs,To Find A Mare's Nest
Proverbs,To Fish In Troubled Waters
Proverbs,To Fit Like A Glove
Proverbs,To Flog A Dead Horse
Proverbs,To Get Out Of Bed On The Wrong Side
Proverbs,To Give A Lark To Catch A Kite
Proverbs,To Go For Wool And Come Home Shorn
Proverbs,To Go Through Fire And Water (Through Thick And Thin)
Proverbs,To Have A Finger In The Pie
Proverbs,To Have Rats In The Attic
Proverbs,To Hit The Nail On The Head
Proverbs,To Kick Against The Pricks
Proverbs,To Kill Two Birds With One Stone
Proverbs,To Know Everything Is To Know Nothing
Proverbs,To Know On Which Side One's Bread Is Buttered
Proverbs,To Know What's What
Proverbs,To Lay By For A Rainy Day
Proverbs,To Live From Hand To Mouth
Proverbs,To Lock The Stable-Door After The Horse Is Stolen
Proverbs,To Look For A Needle In A Haystack
Proverbs,To Love Somebody (Something) As The Devil Loves Holy Water
Proverbs,To Make A Mountain Out Of A Molehill
Proverbs,To Make Both Ends Meet
Proverbs,To Make The Cup Run Over
Proverbs,To Make (To Turn) The Air Blue
Proverbs,To Measure Another Man's Foot By One's Own Last
Proverbs,To Measure Other People's Corn By One's Own Bushel
Proverbs,To Pay One Back In One's Own Coin
Proverbs,To Plough The Sand
Proverbs,To Pour Water Into A Sieve
Proverbs,To Pull The Chestnuts Out Of The Fire For Somebody
Proverbs,To Pull The Devil By The Tail
Proverbs,To Put A Spoke In Somebody's Wheel
Proverbs,To Put Off Till Doomsday
Proverbs,To Put (Set) The Cart Before The Horse
Proverbs,To Rob One's Belly To Cover One's Back
Proverbs,To Roll In Money
Proverbs,To Run With The Hare And Hunt With The Hounds
Proverbs,To Save One's Bacon
Proverbs,To Send (Carry) Owls To Athens 
Proverbs,To Set The Wolf To Keep The Sheep
Proverbs,To Stick To Somebody Like A Leech
Proverbs,To Strain At A Gnat And Swallow A Camel
Proverbs,To Take Counsel Of One's Pillow
Proverbs,To Take The Bull By The Horns
Proverbs,To Teach The Dog To Bark
Proverbs,To Tell Tales Out Of School
Proverbs,To Throw A Stone In One's Own Garden
Proverbs,To Throw Dust In Somebody's Eyes
Proverbs,To Throw Straws Against The Wind
Proverbs,To Treat Somebody With A Dose Of His Own Medicine
Proverbs,To Use A Steam-Hammer To Crack Nuts
Proverbs,To Wash One's Dirty Linen In Public
Proverbs,To Wear One's Heart Upon One's Sleeve
Proverbs,To Weep Over An Onion
Proverbs,To Work With The Left Hand
Proverbs,Tomorrow Come Never
Proverbs,Too Many Cooks Spoil The Broth
Proverbs,Too Much Knowledge Makes The Head Bald
Proverbs,Too Much Of A Good Thing Is Good For Nothing
Proverbs,Too Much Water Drowned The Miller 
Proverbs,Too Swift Arrives As Tardy As Too Slow
Proverbs,True Blue Will Never Stain
Proverbs,True Coral Needs No Painter's Brush
Proverbs,Truth Comes Out Of The Mouths Of Babes And Sucklings
Proverbs,Truth Is Stranger Than Fiction
Proverbs,Truth Lies At The Bottom Of A Well
Proverbs,Two Blacks Do Not Make A White
Proverbs,Two Heads Are Better Than One
Proverbs,"Two Is Company, three is a crowd"
Proverbs,Velvet Paws Hide Sharp Claws
Proverbs,Virtue Is Its Own Reward
Proverbs,Wait For The Cat To Jump
Proverbs,Walls Have Ears
Proverbs,Wash Your Dirty Linen At Home
Proverbs,"Waste Not, Want Not"
Proverbs,We Know Not What Is Good Until We Have Lost It
Proverbs,We Never Know The Value Of Water Till The Well Is Dry
Proverbs,We Shall See What We Shall See
Proverbs,We Soon Believe What We Desire
Proverbs,Wealth Is Nothing Without Health
Proverbs,Well Begun Is Half Done
Proverbs,"What Can't Be Cured, Must Be Endured"
Proverbs,What Is Bred In The Bone Will Not Go Out Of The Flesh
Proverbs,What Is Done By Night Appears By Day
Proverbs,What Is Done Cannot Be Undone
Proverbs,What Is Got Over The Devil's Back Is Spent Under His Belly
Proverbs,What Is Lost Is Lost
Proverbs,What Is Sauce For The Goose Is Sauce For The Gander
Proverbs,What Is Worth Doing At Alt Is Worth Doing Well
Proverbs,"What Must Be, Must Be"
Proverbs,What The Heart Thinks The Tongue Speaks
Proverbs,What We Do Willingly Is Easy
Proverbs,"When Angry, Count A Hundred"
Proverbs,"When At Rome, Do As The Romans Do"
Proverbs,"When Children Stand Quiet, They Have Done Some Harm"
Proverbs,"When Flatterers Meet, The Devil Goes To Dinner"
Proverbs,When **** Speak It Is Too Late To Argue
Proverbs,When Pigs Fly
Proverbs,When Queen Anne Was Alive
Proverbs,"When The Cat Is Away, The Mice Will Play"
Proverbs,When The Devil Is Blind
Proverbs,"When The Fox Preaches, Take Care Of Your Geese"
Proverbs,"When The Pinch Comes, You Remember The Old Shoe"
Proverbs,"When Three Know It, Alt Know It"
Proverbs,When Wine Is In Wit Is Out
Proverbs,"Where There's A Will, There's A Way"
Proverbs,While The Grass Grows The Horse Starves
Proverbs,While There Is Life There Is Hope
Proverbs,"Who Breaks, Pays"
Proverbs,"Who Has Never Tasted Bitter, Knows Not What Is Sweet"
Proverbs,"Who Keeps Company With The Wolf, Will Learn To Howl"
Proverbs,Wise After The Event
Proverbs,With Time And Patience The Leaf Of The Mulberry Becomes Satin
Proverbs,Words Pay No Debts
Proverbs,You Can Take A Horse To The Water But You Cannot Make Him Drink
Proverbs,You Cannot Eat Your Cake And Have It
Proverbs,You Cannot Flay The Same Ox Twice
Proverbs,You Cannot Judge A Tree By It Bark
Proverbs,You Cannot Teach Old Dogs New Tricks
Proverbs,You Cannot Wash Charcoal White
Proverbs,"You Made Your Bed, Now Lie In It"
Proverbs,Zeal Without Knowledge Is A Runaway Horse
Proverbs,A broken clock is right twice a day
Proverbs,A journey of a thousand miles begins with a single step
Proverbs,All is fair in love and war
Proverbs,Better safe than sorry
Proverbs,Don't judge a man until you have walked a mile in his shoes
Proverbs,Don't put the cart before the horse
Proverbs,Don't talk the talk if you can't walk the walk
Proverbs,Don't throw out the baby with the bath water
Proverbs,"Give a man a fish, he eats for a day. Teach a man how to fish, he eats for a lifetime"
Proverbs,Great minds think alike
Proverbs,Hindsight is 20/20
Proverbs,"If at first you don't succeed, try, try again"
Proverbs,"If you snooze, you lose"
Proverbs,"If you don't have anything nice to say, don't say anything at all"
Proverbs,"If you're not part of the solution, you're part of the problem"
Proverbs,It's not over until the fat lady sings
Proverbs,Knowledge is power
Proverbs,Misery loves company
Proverbs,"Power corrupts, and absolute power corrupts absolutely"
Proverbs,The apple doesn't fall far from the tree
Proverbs,The best way to a man's heart is through his stomach
Proverbs,There's no such thing as bad publicity
Proverbs,What goes around comes around
Proverbs,What goes up must come down
Proverbs,You can catch more flies with honey than with vinegar
